"ID";"Perioden";"OutputBasisprijzen_1";"IntermediairVerbruik_2";"Totaal_3";"ALandbouwBosbouwEnVisserij_4";"BENijverheidGeenBouwEnEnergie_5";"BDelfstoffenwinning_6";"CIndustrie_7";"DEnergievoorziening_8";"EWaterbedrijvenEnAfvalbeheer_9";"FBouwnijverheid_10";"GIHandelVervoerEnHoreca_11";"JInformatieEnCommunicatie_12";"KFinancieleDienstverlening_13";"LVerhuurEnHandelVanOnroerendGoed_14";"MNZakelijkeDienstverlening_15";"OQOverheidEnZorg_16";"RUCultuurRecreatieOverigeDiensten_17";"Saldo_18";"ProductgebondenBelastingen_19";"ProductgebondenSubsidies_20";"BrutoBinnenlandsProduct_21";"OutputBasisprijzen_22";"IntermediairVerbruik_23";"Totaal_24";"ALandbouwBosbouwEnVisserij_25";"BENijverheidGeenBouwEnEnergie_26";"BDelfstoffenwinning_27";"CIndustrie_28";"DEnergievoorziening_29";"EWaterbedrijvenEnAfvalbeheer_30";"FBouwnijverheid_31";"GIHandelVervoerEnHoreca_32";"JInformatieEnCommunicatie_33";"KFinancieleDienstverlening_34";"LVerhuurEnHandelVanOnroerendGoed_35";"MNZakelijkeDienstverlening_36";"OQOverheidEnZorg_37";"RUCultuurRecreatieOverigeDiensten_38";"Saldo_39";"ProductgebondenBelastingen_40";"ProductgebondenSubsidies_41";"BrutoBinnenlandsProduct_42";"OutputBasisprijzen_43";"IntermediairVerbruik_44";"Totaal_45";"ALandbouwBosbouwEnVisserij_46";"BENijverheidGeenBouwEnEnergie_47";"BDelfstoffenwinning_48";"CIndustrie_49";"DEnergievoorziening_50";"EWaterbedrijvenEnAfvalbeheer_51";"FBouwnijverheid_52";"GIHandelVervoerEnHoreca_53";"JInformatieEnCommunicatie_54";"KFinancieleDienstverlening_55";"LVerhuurEnHandelVanOnroerendGoed_56";"MNZakelijkeDienstverlening_57";"OQOverheidEnZorg_58";"RUCultuurRecreatieOverigeDiensten_59";"Saldo_60";"ProductgebondenBelastingen_61";"ProductgebondenSubsidies_62";"BrutoBinnenlandsProduct_63";"OutputBasisprijzen_64";"IntermediairVerbruik_65";"Totaal_66";"ALandbouwBosbouwEnVisserij_67";"BENijverheidGeenBouwEnEnergie_68";"BDelfstoffenwinning_69";"CIndustrie_70";"DEnergievoorziening_71";"EWaterbedrijvenEnAfvalbeheer_72";"FBouwnijverheid_73";"GIHandelVervoerEnHoreca_74";"JInformatieEnCommunicatie_75";"KFinancieleDienstverlening_76";"LVerhuurEnHandelVanOnroerendGoed_77";"MNZakelijkeDienstverlening_78";"OQOverheidEnZorg_79";"RUCultuurRecreatieOverigeDiensten_80";"Saldo_81";"ProductgebondenBelastingen_82";"ProductgebondenSubsidies_83";"BrutoBinnenlandsProduct_84";"Totaal_85";"Lonen_86";"SocialePremiesTLVWerkgevers_87";"Saldo_88";"BelastingenOpProductieEnInvoer_89";"Subsidies_90";"Bruto_91";"VerbruikVanVasteActiva_92";"Netto_93";"BrutoBinnenlandsProduct_94";"Totaal_95";"Lonen_96";"SocialePremiesTLVWerkgevers_97";"Saldo_98";"BelastingenOpProductieEnInvoer_99";"Subsidies_100";"Bruto_101";"VerbruikVanVasteActiva_102";"Netto_103";"BrutoBinnenlandsProduct_104";"Totaal_105";"Lonen_106";"SocialePremiesTLVWerkgevers_107";"Saldo_108";"BelastingenOpProductieEnInvoer_109";"Subsidies_110";"Bruto_111";"VerbruikVanVasteActiva_112";"Netto_113";"BrutoBinnenlandsProduct_114";"Totaal_115";"Lonen_116";"SocialePremiesTLVWerkgevers_117";"Saldo_118";"BelastingenOpProductieEnInvoer_119";"Subsidies_120";"Bruto_121";"VerbruikVanVasteActiva_122";"Netto_123";"BrutoBinnenlandsProduct_124";"Totaal_125";"Totaal_126";"Huishoudens_127";"Overheid_128";"Totaal_129";"BedrijvenEnHuishoudens_130";"Overheid_131";"VeranderingInVoorraden_132";"Totaal_133";"Goederen_134";"Diensten_135";"Totaal_136";"Goederen_137";"Diensten_138";"BrutoBinnenlandsProduct_139";"Totaal_140";"Totaal_141";"Huishoudens_142";"Overheid_143";"Totaal_144";"BedrijvenEnHuishoudens_145";"Overheid_146";"VeranderingInVoorraden_147";"Totaal_148";"Goederen_149";"Diensten_150";"Totaal_151";"Goederen_152";"Diensten_153";"BrutoBinnenlandsProduct_154";"Totaal_155";"Totaal_156";"Huishoudens_157";"Overheid_158";"Totaal_159";"BedrijvenEnHuishoudens_160";"Overheid_161";"VeranderingInVoorraden_162";"Totaal_163";"Goederen_164";"Diensten_165";"Totaal_166";"Goederen_167";"Diensten_168";"BrutoBinnenlandsProduct_169";"Totaal_170";"Totaal_171";"Huishoudens_172";"Overheid_173";"Totaal_174";"BedrijvenEnHuishoudens_175";"Overheid_176";"VeranderingInVoorraden_177";"Totaal_178";"Goederen_179";"Diensten_180";"Totaal_181";"Goederen_182";"Diensten_183";"BrutoBinnenlandsProduct_184"
"0";"1995JJ00";"  594268";"  294994";"  299274";"   10230";"   63778";"    7145";"   50578";"    4349";"    1706";"   15539";"   58441";"    9470";"   22054";"22509";"32988";"   57484";"    6781";"   30273";"   32739";"    2466";"  329547";"  846761";"  429648";"  416848";"9358";"77645";"19758";"   53795";"4763";"2266";"25846";"75976";"8645";"32092";"27419";"53725";"94558";"12439";"   52890";"   55043";"    1061";"  469502";"       .";"       .";"       .";".";".";".";"       .";".";".";".";".";".";".";".";".";".";".";"       .";"       .";"       .";"       .";"    70.2";"    68.7";"    71.8";"   109.3";"    82.1";"    36.2";"    94.0";"    91.3";"    75.3";"    60.1";"    76.9";"   109.5";"    68.7";"    82.1";"    61.4";"    60.8";"    54.5";"    57.2";"    59.5";"   232.4";"    70.2";"  165485";"  139141";"   26344";"   31178";"   35959";"    4781";"  132884";"   52442";"   80442";"  329547";"       .";"       .";"       .";"   56726";"   61127";"    5271";"       .";"   68591";"       .";"  469502";"       .";"       .";"       .";"       .";"       .";"       .";"       .";"       .";"       .";"       .";"       .";"       .";"       .";"    55.0";"    58.8";"    90.7";"       .";"    76.5";"       .";"    70.2";"  307720";"  236115";"  162211";"   73904";"   68972";"   56863";"   12109";"    2633";"  188570";"  148867";"   39703";"  166743";"  129241";"   37502";"  329547";"  437744";"  344372";"  231328";"  113245";"   91511";"   74543";"   16828";"    1936";"  223221";"  169054";"   53175";"  192815";"  139776";"   51285";"  469502";"       .";"       .";"       .";"       .";"       .";"       .";"       .";"       .";"       .";"       .";"       .";"       .";"       .";"       .";"       .";"    70.3";"    68.6";"    70.1";"    65.3";"    75.4";"    76.3";"    72.0";"       .";"    84.5";"    88.1";"    74.7";"    86.5";"    92.5";"    73.1";"    70.2"
"1";"1996JJ00";"  629836";"  318500";"  311336";"    9916";"   65686";"    8509";"   50611";"    4682";"    1884";"   15910";"   60131";"   10452";"   22783";"24047";"37010";"   58401";"    7000";"   33289";"   35075";"    1786";"  344625";"  885890";"  455764";"  430122";"8923";"80342";"22468";"   54710";"5040";"2428";"25342";"78847";"9198";"34391";"27866";"58735";"95007";"12406";"   56384";"   57636";"     864";"  485928";"     4.6";"     6.1";"     3.2";"-4.6";"3.5";"13.7";"     1.7";"5.8";"7.2";"-1.9";"3.8";"6.4";"7.2";"1.6";"9.3";"0.5";"-0.3";"     6.6";"     4.7";"   -18.6";"     3.5";"    71.1";"    69.9";"    72.4";"   111.1";"    81.8";"    37.9";"    92.5";"    92.9";"    77.6";"    62.8";"    76.3";"   113.6";"    66.2";"    86.3";"    63.0";"    61.5";"    56.4";"    59.0";"    60.9";"   206.7";"    70.9";"  171905";"  144457";"   27448";"   33373";"   38372";"    4999";"  139347";"   54428";"   84919";"  344625";"       .";"       .";"       .";"   59230";"   63998";"    5616";"       .";"   70372";"       .";"  485928";"       .";"       .";"       .";"     4.4";"     4.7";"     6.5";"       .";"     2.6";"       .";"     3.5";"       .";"       .";"       .";"    56.3";"    60.0";"    89.0";"       .";"    77.3";"       .";"    70.9";"  323796";"  246044";"  172382";"   73662";"   74340";"   61166";"   13174";"    3412";"  197775";"  154854";"   42921";"  176946";"  136621";"   40325";"  344625";"  455608";"  354685";"  242724";"  111836";"   97679";"   79384";"   18156";"    2982";"  232474";"  174636";"   57060";"  203043";"  146963";"   54294";"  485928";"     4.1";"     3.0";"     4.9";"    -1.2";"     6.7";"     6.5";"     7.9";"       .";"     4.1";"     3.3";"     7.3";"     5.3";"     5.1";"     5.9";"     3.5";"    71.1";"    69.4";"    71.0";"    65.9";"    76.1";"    77.1";"    72.6";"       .";"    85.1";"    88.7";"    75.2";"    87.1";"    93.0";"    74.3";"    70.9"
"2";"1997JJ00";"  678780";"  345849";"  332931";"   10953";"   67364";"    8228";"   52516";"    4523";"    2097";"   16524";"   66269";"   12351";"   24035";"26199";"40580";"   60958";"    7698";"   36115";"   37854";"    1739";"  369046";"  935290";"  486181";"  449279";"9566";"80696";"20089";"   56091";"4828";"2570";"25509";"84320";"10841";"37128";"28777";"62650";"97092";"13062";"   58167";"   59404";"     875";"  506964";"     5.6";"     6.7";"     4.5";"7.2";"0.4";"-10.6";"     2.5";"-4.2";"5.8";"0.7";"6.9";"17.9";"8.0";"3.3";"6.7";"2.2";"5.3";"     3.2";"     3.1";"     1.3";"     4.3";"    72.6";"    71.1";"    74.1";"   114.5";"    83.5";"    41.0";"    93.6";"    93.7";"    81.6";"    64.8";"    78.6";"   113.9";"    64.7";"    91.0";"    64.8";"    62.8";"    58.9";"    62.1";"    63.7";"   198.7";"    72.8";"  181552";"  153756";"   27796";"   35558";"   41149";"    5591";"  151936";"   56672";"   95264";"  369046";"       .";"       .";"       .";"   59945";"   65774";"    6360";"       .";"   72494";"       .";"  506964";"       .";"       .";"       .";"     1.2";"     2.8";"    13.2";"       .";"     3.0";"       .";"     4.3";"       .";"       .";"       .";"    59.3";"    62.6";"    87.9";"       .";"    78.2";"       .";"    72.8";"  345504";"  261203";"  183736";"   77467";"   80015";"   66727";"   13288";"    4286";"  222756";"  173169";"   49587";"  199214";"  152448";"   46766";"  369046";"  476873";"  368446";"  252860";"  115399";"  103906";"   85426";"   18272";"    3970";"  254970";"  190153";"   64211";"  225226";"  161495";"   62132";"  506964";"     4.7";"     3.9";"     4.2";"     3.2";"     6.4";"     7.6";"     0.6";"       .";"     9.7";"     8.9";"    12.5";"    10.9";"     9.9";"    14.4";"     4.3";"    72.5";"    70.9";"    72.7";"    67.1";"    77.0";"    78.1";"    72.7";"       .";"    87.4";"    91.1";"    77.2";"    88.5";"    94.4";"    75.3";"    72.8"
"3";"1998JJ00";"  722710";"  367345";"  355365";"   10082";"   70459";"    7481";"   55859";"    4962";"    2157";"   17694";"   72814";"   14418";"   25035";"28395";"44330";"   63902";"    8236";"   38930";"   40602";"    1672";"  394295";"  988210";"  518538";"  470044";"9120";"83542";"19339";"   58729";"5086";"2535";"26433";"90073";"12906";"40153";"29313";"66085";"98895";"13481";"   61105";"   62222";"     861";"  530609";"     5.7";"     6.7";"     4.6";"-4.7";"3.5";"-3.7";"     4.7";"5.4";"-1.4";"3.6";"6.8";"19.1";"8.1";"1.9";"5.5";"1.9";"3.2";"     5.1";"     4.7";"    -1.6";"     4.7";"    73.1";"    70.8";"    75.6";"   110.5";"    84.3";"    38.7";"    95.1";"    97.6";"    85.1";"    66.9";"    80.8";"   111.7";"    62.3";"    96.9";"    67.1";"    64.6";"    61.1";"    63.7";"    65.3";"   194.2";"    74.3";"  194591";"  155329";"   39262";"   37731";"   44045";"    6314";"  161973";"   59572";"  102401";"  394295";"       .";"       .";"       .";"   61961";"   68901";"    7224";"       .";"   75419";"       .";"  530609";"       .";"       .";"       .";"     3.4";"     4.8";"    13.6";"       .";"     4.0";"       .";"     4.7";"       .";"       .";"       .";"    60.9";"    63.9";"    87.4";"       .";"    79.0";"       .";"    74.3";"  370130";"  279664";"  197542";"   82122";"   86138";"   72297";"   13841";"    4328";"  233976";"  180848";"   53128";"  209811";"  158262";"   51549";"  394295";"  502965";"  387375";"  267063";"  120015";"  110935";"   91755";"   18917";"    3971";"  272050";"  203584";"   67696";"  244009";"  174438";"   67973";"  530609";"     5.5";"     5.1";"     5.6";"     4.0";"     6.8";"     7.4";"     3.5";"       .";"     6.7";"     7.1";"     5.4";"     8.3";"     8.0";"     9.4";"     4.7";"    73.6";"    72.2";"    74.0";"    68.4";"    77.6";"    78.8";"    73.2";"       .";"    86.0";"    88.8";"    78.5";"    86.0";"    90.7";"    75.8";"    74.3"
"4";"1999JJ00";"  770165";"  394276";"  375889";"    9772";"   70910";"    6460";"   57187";"    4840";"    2423";"   19935";"   76726";"   16328";"   27084";"30083";"48905";"   67313";"    8833";"   43570";"   45163";"    1593";"  419459";" 1040720";"  548894";"  492394";"9736";"85832";"18328";"   61214";"4800";"2813";"28430";"94392";"15200";"42971";"29743";"71040";"100474";"14095";"   65739";"   67088";"     976";"  557320";"     5.3";"     5.9";"     4.8";"6.8";"2.7";"-5.2";"     4.2";"-5.6";"11.0";"7.6";"4.8";"17.8";"7.0";"1.5";"7.5";"1.6";"4.6";"     7.6";"     7.8";"    13.3";"     5.0";"    74.0";"    71.8";"    76.3";"   100.4";"    82.6";"    35.2";"    93.4";"   100.8";"    86.1";"    70.1";"    81.3";"   107.4";"    63.0";"   101.1";"    68.8";"    67.0";"    62.7";"    66.3";"    67.3";"   163.3";"    75.3";"  209544";"  167029";"   42515";"   41914";"   49028";"    7114";"  168001";"   63554";"  104447";"  419459";"       .";"       .";"       .";"   66934";"   74366";"    7757";"       .";"   79181";"       .";"  557320";"       .";"       .";"       .";"     8.0";"     7.9";"     7.4";"       .";"     5.0";"       .";"     5.0";"       .";"       .";"       .";"    62.6";"    65.9";"    91.7";"       .";"    80.3";"       .";"    75.3";"  396774";"  299389";"  213006";"   86383";"   96130";"   80347";"   15783";"    1255";"  251277";"  192177";"   59100";"  228592";"  169612";"   58980";"  419459";"  529173";"  406152";"  282971";"  122630";"  122013";"  100479";"   21279";"     197";"  296569";"  221210";"   74615";"  267880";"  190126";"   76269";"  557320";"     5.2";"     4.8";"     6.0";"     2.2";"    10.0";"     9.5";"    12.5";"       .";"     9.0";"     8.7";"    10.2";"     9.8";"     9.0";"    12.2";"     5.0";"    75.0";"    73.7";"    75.3";"    70.4";"    78.8";"    80.0";"    74.2";"       .";"    84.7";"    86.9";"    79.2";"    85.3";"    89.2";"    77.3";"    75.3"
"5";"2000JJ00";"  845591";"  439759";"  405832";"   10390";"   76617";"    9174";"   60357";"    4451";"    2635";"   21651";"   83322";"   18248";"   28749";"32526";"53360";"   71488";"    9481";"   46175";"   47675";"    1500";"  452007";" 1090567";"  577164";"  514117";"9841";"89413";"17114";"   64598";"4857";"3009";"29084";"101184";"17710";"44371";"30140";"74326";"101959";"14575";"   67272";"   68554";"     958";"  580703";"     4.8";"     5.2";"     4.4";"1.1";"4.2";"-6.6";"     5.5";"1.2";"7.0";"2.3";"7.2";"16.5";"3.3";"1.3";"4.6";"1.5";"3.4";"     2.3";"     2.2";"    -1.8";"     4.2";"    77.5";"    76.2";"    78.9";"   105.6";"    85.7";"    53.6";"    93.4";"    91.6";"    87.6";"    74.4";"    82.3";"   103.0";"    64.8";"   107.9";"    71.8";"    70.1";"    65.0";"    68.6";"    69.5";"   156.6";"    77.8";"  226691";"  179031";"   47660";"   44720";"   51827";"    7107";"  180596";"   69130";"  111466";"  452007";"       .";"       .";"       .";"   68318";"   76086";"    8048";"       .";"   83274";"       .";"  580703";"       .";"       .";"       .";"     2.1";"     2.3";"     3.8";"       .";"     5.2";"       .";"     4.2";"       .";"       .";"       .";"    65.5";"    68.1";"    88.3";"       .";"    83.0";"       .";"    77.8";"  422425";"  320406";"  227496";"   92910";"  101856";"   84920";"   16936";"     163";"  298475";"  233076";"   65399";"  268893";"  203973";"   64920";"  452007";"  545313";"  420607";"  293337";"  126680";"  124865";"  102532";"   22096";"    -915";"  333430";"  252613";"   79602";"  298036";"  214187";"   81790";"  580703";"     3.1";"     3.6";"     3.7";"     3.3";"     2.3";"     2.0";"     3.8";"       .";"    12.4";"    14.2";"     6.7";"    11.3";"    12.7";"     7.2";"     4.2";"    77.5";"    76.2";"    77.6";"    73.3";"    81.6";"    82.8";"    76.6";"       .";"    89.5";"    92.3";"    82.2";"    90.2";"    95.2";"    79.4";"    77.8"
"6";"2001JJ00";"  896568";"  466160";"  430408";"   10720";"   81876";"   11538";"   63238";"    4262";"    2838";"   23624";"   88501";"   20376";"   31244";"27144";"58852";"   77911";"   10160";"   51473";"   52627";"    1154";"  481881";" 1115174";"  589663";"  526221";"9346";"91746";"17636";"   66240";"5024";"3046";"29508";"102070";"19624";"44140";"30419";"77676";"105293";"14835";"   68675";"   69818";"     904";"  594216";"     2.3";"     2.2";"     2.4";"-5.0";"2.6";"3.1";"     2.5";"3.4";"1.2";"1.5";"0.9";"10.8";"-0.5";"0.9";"4.5";"3.3";"1.8";"     2.1";"     1.8";"    -5.6";"     2.3";"    80.4";"    79.1";"    81.8";"   114.7";"    89.2";"    65.4";"    95.5";"    84.8";"    93.2";"    80.1";"    86.7";"   103.8";"    70.8";"    89.2";"    75.8";"    74.0";"    68.5";"    75.0";"    75.4";"   127.6";"    81.1";"  239070";"  191740";"   47330";"   49973";"   57213";"    7240";"  192838";"   74670";"  118168";"  481881";"       .";"       .";"       .";"   69609";"   77864";"    8463";"       .";"   87102";"       .";"  594216";"       .";"       .";"       .";"     1.9";"     2.3";"     5.1";"       .";"     4.6";"       .";"     2.3";"       .";"       .";"       .";"    71.8";"    73.5";"    85.6";"       .";"    85.7";"       .";"    81.1";"  450279";"  340804";"  239644";"  101160";"  106706";"   87945";"   18761";"    2769";"  305023";"  235447";"   69576";"  273421";"  203301";"   70120";"  481881";"  561802";"  432203";"  299335";"  132381";"  126475";"  102768";"   23553";"    2259";"  338341";"  254554";"   82773";"  305408";"  217386";"   86332";"  594216";"     3.0";"     2.8";"     2.0";"     4.5";"     1.3";"     0.2";"     6.6";"       .";"     1.5";"     0.8";"     4.0";"     2.5";"     1.5";"     5.6";"     2.3";"    80.1";"    78.9";"    80.1";"    76.4";"    84.4";"    85.6";"    79.7";"       .";"    90.2";"    92.5";"    84.1";"    89.5";"    93.5";"    81.2";"    81.1"
"7";"2002JJ00";"  918460";"  470066";"  448394";"   10412";"   81091";"   10576";"   62854";"    4689";"    2972";"   24887";"   92494";"   21931";"   32766";"29064";"59107";"   85839";"   10803";"   52743";"   54062";"    1319";"  501137";" 1112870";"  586216";"  527289";"9427";"91797";"17817";"   65871";"5182";"3201";"28938";"100209";"20498";"45089";"30674";"74936";"109340";"14951";"   68907";"   69837";"     779";"  595507";"    -0.2";"    -0.6";"     0.2";"0.9";"0.1";"1.0";"    -0.6";"3.1";"5.1";"-1.9";"-1.8";"4.5";"2.2";"0.8";"-3.5";"3.8";"0.8";"     0.3";"     0.0";"   -13.9";"     0.2";"    82.5";"    80.2";"    85.0";"   110.5";"    88.3";"    59.4";"    95.4";"    90.5";"    92.8";"    86.0";"    92.3";"   107.0";"    72.7";"    94.8";"    78.9";"    78.5";"    72.3";"    76.5";"    77.4";"   169.3";"    84.2";"  251061";"  199254";"   51807";"   51413";"   58851";"    7438";"  198663";"   79534";"  119129";"  501137";"       .";"       .";"       .";"   70106";"   78019";"    8179";"       .";"   90083";"       .";"  595507";"       .";"       .";"       .";"     0.7";"     0.2";"    -3.4";"       .";"     3.4";"       .";"     0.2";"       .";"       .";"       .";"    73.3";"    75.4";"    90.9";"       .";"    88.3";"       .";"    84.2";"  466862";"  361580";"  250713";"  110867";"  105657";"   84711";"   20946";"    -375";"  301426";"  229437";"   71989";"  267151";"  193376";"   73775";"  501137";"  561605";"  441338";"  302819";"  138157";"  121321";"   95791";"   25591";"   -1330";"  340530";"  256056";"   83469";"  306267";"  216413";"   88399";"  595507";"     0.0";"     2.1";"     1.2";"     4.4";"    -4.1";"    -6.8";"     8.7";"       .";"     0.6";"     0.6";"     0.8";"     0.3";"    -0.4";"     2.4";"     0.2";"    83.1";"    81.9";"    82.8";"    80.2";"    87.1";"    88.4";"    81.9";"       .";"    88.5";"    89.6";"    86.2";"    87.2";"    89.4";"    83.5";"    84.2"
"8";"2003JJ00";"  931903";"  473287";"  458616";"   10563";"   81508";"   11057";"   62445";"    4862";"    3144";"   25047";"   91330";"   23264";"   34006";"31669";"59082";"   91055";"   11092";"   54194";"   55518";"    1324";"  512810";" 1109806";"  582374";"  527938";"9686";"91069";"17628";"   65226";"5214";"3262";"27711";"101227";"21334";"45117";"30558";"72803";"112021";"14671";"   69205";"   70109";"     769";"  596434";"    -0.3";"    -0.7";"     0.1";"2.7";"-0.8";"-1.1";"    -1.0";"0.6";"1.9";"-4.2";"1.0";"4.1";"0.1";"-0.4";"-2.8";"2.5";"-1.9";"     0.4";"     0.4";"    -1.3";"     0.2";"    84.0";"    81.3";"    86.9";"   109.1";"    89.5";"    62.7";"    95.7";"    93.3";"    96.4";"    90.4";"    90.2";"   109.0";"    75.4";"   103.6";"    81.2";"    81.3";"    75.6";"    78.3";"    79.2";"   172.2";"    86.0";"  257855";"  203442";"   54413";"   52894";"   60341";"    7447";"  202061";"   82760";"  119301";"  512810";"       .";"       .";"       .";"   70414";"   78161";"    8048";"       .";"   92320";"       .";"  596434";"       .";"       .";"       .";"     0.4";"     0.2";"    -1.6";"       .";"     2.5";"       .";"     0.2";"       .";"       .";"       .";"    75.1";"    77.2";"    92.5";"       .";"    89.6";"       .";"    86.0";"  478717";"  373652";"  256214";"  117438";"  105636";"   83869";"   21767";"    -571";"  304015";"  231428";"   72587";"  269922";"  194628";"   75294";"  512810";"  562418";"  444698";"  302424";"  141995";"  119223";"   93315";"   26033";"   -1630";"  346800";"  262553";"   83153";"  312511";"  223018";"   87852";"  596434";"     0.1";"     0.8";"    -0.1";"     2.8";"    -1.7";"    -2.6";"     1.7";"       .";"     1.8";"     2.5";"    -0.4";"     2.0";"     3.1";"    -0.6";"     0.2";"    85.1";"    84.0";"    84.7";"    82.7";"    88.6";"    89.9";"    83.6";"       .";"    87.7";"    88.1";"    87.3";"    86.4";"    87.3";"    85.7";"    86.0"
"9";"2004JJ00";"  965400";"  492822";"  472578";"    9878";"   84289";"   11721";"   64925";"    4516";"    3127";"   25327";"   94388";"   23642";"   34587";"34264";"60758";"   94039";"   11406";"   56708";"   57894";"    1186";"  529286";" 1132087";"  593741";"  538840";"10224";"94776";"19186";"   67730";"5268";"3150";"27302";"104959";"21561";"46599";"31018";"72530";"113191";"14668";"   70109";"   70978";"     757";"  608273";"     2.0";"     2.0";"     2.1";"5.6";"4.1";"8.8";"     3.8";"1.0";"-3.4";"-1.5";"3.7";"1.1";"3.3";"1.5";"-0.4";"1.0";"0.0";"     1.3";"     1.2";"    -1.5";"     2.0";"    85.3";"    83.0";"    87.7";"    96.6";"    88.9";"    61.1";"    95.9";"    85.7";"    99.3";"    92.8";"    89.9";"   109.7";"    74.2";"   110.5";"    83.8";"    83.1";"    77.8";"    80.9";"    81.6";"   156.6";"    87.0";"  261594";"  205504";"   56090";"   55001";"   62919";"    7918";"  212691";"   85625";"  127066";"  529286";"       .";"       .";"       .";"   70812";"   79164";"    8561";"       .";"   94268";"       .";"  608273";"       .";"       .";"       .";"     0.6";"     1.3";"     6.4";"       .";"     2.1";"       .";"     2.0";"       .";"       .";"       .";"    77.7";"    79.5";"    92.5";"       .";"    90.8";"       .";"    87.0";"  488320";"  380762";"  261633";"  119129";"  107404";"   86624";"   20780";"     154";"  331726";"  256337";"   75389";"  290760";"  214020";"   76740";"  529286";"  565232";"  446353";"  304722";"  141323";"  119466";"   94846";"   24644";"    -748";"  375282";"  289126";"   84923";"  332406";"  242225";"   88345";"  608273";"     0.5";"     0.4";"     0.8";"    -0.5";"     0.2";"     1.6";"    -5.3";"       .";"     8.2";"    10.1";"     2.1";"     6.4";"     8.6";"     0.6";"     2.0";"    86.4";"    85.3";"    85.9";"    84.3";"    89.9";"    91.3";"    84.3";"       .";"    88.4";"    88.7";"    88.8";"    87.5";"    88.4";"    86.9";"    87.0"
"10";"2005JJ00";" 1014965";"  523571";"  491394";"   10235";"   89111";"   12883";"   67769";"    5328";"    3131";"   26702";"   97158";"   24543";"   35474";"35520";"64142";"   96789";"   11720";"   59489";"   60762";"    1273";"  550883";" 1159922";"  610532";"  550014";"10254";"96128";"15945";"   69911";"6553";"3141";"28407";"107748";"22505";"46972";"31497";"74928";"114373";"14931";"   71413";"   72229";"     735";"  620748";"     2.5";"     2.8";"     2.1";"0.3";"1.4";"-16.9";"     3.2";"24.4";"-0.3";"4.0";"2.7";"4.4";"0.8";"1.5";"3.3";"1.0";"1.8";"     1.9";"     1.8";"    -3.0";"     2.1";"    87.5";"    85.8";"    89.3";"    99.8";"    92.7";"    80.8";"    96.9";"    81.3";"    99.7";"    94.0";"    90.2";"   109.1";"    75.5";"   112.8";"    85.6";"    84.6";"    78.5";"    83.3";"    84.1";"   173.2";"    88.7";"  265786";"  209475";"   56311";"   58575";"   66167";"    7592";"  226522";"   88591";"  137931";"  550883";"       .";"       .";"       .";"   73104";"   80776";"    8022";"       .";"   96177";"       .";"  620748";"       .";"       .";"       .";"     3.2";"     2.0";"    -6.3";"       .";"     2.0";"       .";"     2.1";"       .";"       .";"       .";"    80.1";"    81.9";"    94.6";"       .";"    92.1";"       .";"    88.7";"  504292";"  391614";"  268879";"  122735";"  112454";"   91840";"   20614";"     224";"  361556";"  281680";"   79876";"  314965";"  233889";"   81076";"  550883";"  573945";"  450841";"  307495";"  143039";"  123361";"   99134";"   24153";"    -551";"  396899";"  306568";"   89028";"  350447";"  256340";"   92155";"  620748";"     1.5";"     1.0";"     0.9";"     1.2";"     3.3";"     4.5";"    -2.0";"       .";"     5.8";"     6.0";"     4.8";"     5.4";"     5.8";"     4.3";"     2.1";"    87.9";"    86.9";"    87.4";"    85.8";"    91.2";"    92.6";"    85.3";"       .";"    91.1";"    91.9";"    89.7";"    89.9";"    91.2";"    88.0";"    88.7"
"11";"2006JJ00";" 1075215";"  554629";"  520586";"   11375";"   95432";"   16351";"   69730";"    6052";"    3299";"   28529";"  101372";"   25961";"   34610";"40916";"69803";"  100419";"   12169";"   63960";"   65313";"    1353";"  584546";" 1201074";"  633330";"  568437";"10290";"97821";"15598";"   71593";"6695";"3244";"29211";"112582";"23947";"49865";"31930";"79330";"115923";"15457";"   74543";"   75340";"     741";"  642232";"     3.5";"     3.7";"     3.3";"0.4";"1.8";"-2.2";"     2.4";"2.2";"3.3";"2.8";"4.5";"6.4";"6.2";"1.4";"5.9";"1.4";"3.5";"     4.4";"     4.3";"     0.8";"     3.5";"    89.5";"    87.6";"    91.6";"   110.5";"    97.6";"   104.8";"    97.4";"    90.4";"   101.7";"    97.7";"    90.0";"   108.4";"    69.4";"   128.1";"    88.0";"    86.6";"    78.7";"    85.8";"    86.7";"   182.7";"    91.0";"  274630";"  219149";"   55481";"   62783";"   70788";"    8005";"  247133";"   92481";"  154652";"  584546";"       .";"       .";"       .";"   76061";"   84048";"    8351";"       .";"   98303";"       .";"  642232";"       .";"       .";"       .";"     4.0";"     4.1";"     4.1";"       .";"     2.2";"       .";"     3.5";"       .";"       .";"       .";"    82.5";"    84.2";"    95.9";"       .";"    94.1";"       .";"    91.0";"  534333";"  411440";"  275889";"  135551";"  122994";"  100104";"   22890";"    -101";"  398550";"  314930";"   83620";"  348337";"  264231";"   84106";"  584546";"  593552";"  462123";"  307016";"  154949";"  131959";"  105714";"   26193";"   -1051";"  425368";"  331601";"   92298";"  377257";"  280433";"   94556";"  642232";"     3.4";"     2.5";"    -0.2";"     8.3";"     7.0";"     6.6";"     8.4";"       .";"     7.2";"     8.2";"     3.7";"     7.7";"     9.4";"     2.6";"     3.5";"    90.0";"    89.0";"    89.9";"    87.5";"    93.2";"    94.7";"    87.4";"       .";"    93.7";"    95.0";"    90.6";"    92.3";"    94.2";"    88.9";"    91.0"
"12";"2007JJ00";" 1143316";"  590811";"  552505";"   11251";"   99956";"   15783";"   74330";"    6400";"    3443";"   31030";"  107782";"   28443";"   34002";"46262";"76496";"  104438";"   12845";"   66665";"   67561";"     896";"  619170";" 1248795";"  659210";"  590337";"10551";"101315";"15095";"   75581";"6728";"3266";"31203";"117359";"25969";"53055";"32214";"83544";"117257";"16068";"   76870";"   77588";"     714";"  666462";"     4.0";"     4.1";"     3.9";"2.5";"3.6";"-3.2";"     5.6";"0.5";"0.7";"6.8";"4.2";"8.4";"6.4";"0.9";"5.3";"1.2";"4.0";"     3.1";"     3.0";"    -3.5";"     3.8";"    91.6";"    89.6";"    93.6";"   106.6";"    98.7";"   104.6";"    98.3";"    95.1";"   105.4";"    99.4";"    91.8";"   109.5";"    64.1";"   143.6";"    91.6";"    89.1";"    79.9";"    86.7";"    87.1";"   125.4";"    92.9";"  290422";"  232353";"   58069";"   64571";"   73184";"    8613";"  264177";"   97227";"  166950";"  619170";"       .";"       .";"       .";"   78825";"   86498";"    8123";"       .";"  101291";"       .";"  666462";"       .";"       .";"       .";"     3.6";"     2.9";"    -2.7";"       .";"     3.0";"       .";"     3.8";"       .";"       .";"       .";"    81.9";"    84.6";"   106.0";"       .";"    96.0";"       .";"    92.9";"  575252";"  430679";"  286818";"  143861";"  144226";"  120495";"   23731";"     347";"  425837";"  336377";"   89460";"  381919";"  283423";"   98496";"  619170";"  624575";"  472690";"  312772";"  159791";"  151468";"  124716";"   26412";"    -734";"  448146";"  348582";"   98053";"  406732";"  295467";"  109227";"  666462";"     5.2";"     2.3";"     1.9";"     3.1";"    14.8";"    18.0";"     0.8";"       .";"     5.4";"     5.1";"     6.2";"     7.8";"     5.4";"    15.5";"     3.8";"    92.1";"    91.1";"    91.7";"    90.0";"    95.2";"    96.6";"    89.9";"       .";"    95.0";"    96.5";"    91.2";"    93.9";"    95.9";"    90.2";"    92.9"
"13";"2008JJ00";" 1203927";"  625540";"  578387";"   10582";"  105876";"   22064";"   74158";"    5951";"    3703";"   33336";"  110575";"   29087";"   33834";"47868";"82629";"  111227";"   13373";"   68811";"   69513";"     702";"  647198";" 1274557";"  670179";"  605034";"10820";"102756";"16644";"   75121";"6899";"3353";"32455";"117543";"26789";"55912";"32658";"88114";"120615";"16178";"   76504";"   77228";"     718";"  680926";"     2.1";"     1.7";"     2.5";"2.6";"1.4";"10.3";"    -0.6";"2.5";"2.7";"4.0";"0.2";"3.2";"5.4";"1.4";"5.5";"2.9";"0.7";"    -0.5";"    -0.5";"     0.4";"     2.2";"    94.5";"    93.3";"    95.6";"    97.8";"   103.0";"   132.6";"    98.7";"    86.3";"   110.4";"   102.7";"    94.1";"   108.6";"    60.5";"   146.6";"    93.8";"    92.2";"    82.7";"    89.9";"    90.0";"    97.8";"    95.0";"  307606";"  243231";"   64375";"   66532";"   75614";"    9082";"  273060";"  102612";"  170448";"  647198";"       .";"       .";"       .";"   77868";"   86202";"    8627";"       .";"  104632";"       .";"  680926";"       .";"       .";"       .";"    -1.2";"    -0.3";"     6.2";"       .";"     3.3";"       .";"     2.2";"       .";"       .";"       .";"    85.4";"    87.7";"   105.3";"       .";"    98.1";"       .";"    95.0";"  592009";"  447484";"  295433";"  152051";"  143141";"  117555";"   25586";"    1384";"  451703";"  354202";"   97501";"  396514";"  302001";"   94513";"  647198";"  628784";"  480563";"  315556";"  164923";"  146982";"  119280";"   27504";"     299";"  455392";"  350698";"  103361";"  403882";"  299641";"  101819";"  680926";"     0.7";"     1.7";"     0.9";"     3.2";"    -3.0";"    -4.4";"     4.1";"       .";"     1.6";"     0.6";"     5.4";"    -0.7";"     1.4";"    -6.8";"     2.2";"    94.2";"    93.1";"    93.6";"    92.2";"    97.4";"    98.6";"    93.0";"       .";"    99.2";"   101.0";"    94.3";"    98.2";"   100.8";"    92.8";"    95.0"
"14";"2009JJ00";" 1156238";"  595053";"  561185";"    9705";"   93380";"   16023";"   65630";"    8182";"    3545";"   33516";"  104730";"   27754";"   43029";"36499";"80489";"  118356";"   13727";"   63657";"   64714";"    1057";"  624842";" 1229362";"  644910";"  585049";"11200";"93555";"15225";"   67550";"6848";"3280";"30975";"109722";"25961";"55991";"32672";"84182";"124683";"15751";"   71360";"   72232";"     851";"  655958";"    -3.5";"    -3.8";"    -3.3";"3.5";"-9.0";"-8.5";"   -10.1";"-0.7";"-2.2";"-4.6";"-6.7";"-3.1";"0.1";"0.0";"-4.5";"3.4";"-2.6";"    -6.7";"    -6.5";"    18.5";"    -3.7";"    94.1";"    92.3";"    95.9";"    86.7";"    99.8";"   105.2";"    97.2";"   119.5";"   108.1";"   108.2";"    95.5";"   106.9";"    76.8";"   111.7";"    95.6";"    94.9";"    87.2";"    89.2";"    89.6";"   124.3";"    95.3";"  312196";"  246623";"   65573";"   60399";"   71193";"   10794";"  252247";"  106530";"  145717";"  624842";"       .";"       .";"       .";"   72363";"   81254";"    8971";"       .";"  107026";"       .";"  655958";"       .";"       .";"       .";"    -7.1";"    -5.7";"     4.0";"       .";"     2.3";"       .";"    -3.7";"       .";"       .";"       .";"    83.5";"    87.6";"   120.3";"       .";"    99.5";"       .";"    95.3";"  577451";"  447976";"  285532";"  162444";"  133128";"  106152";"   26976";"   -3653";"  388883";"  292382";"   96501";"  341492";"  244960";"   96532";"  624842";"  612161";"  482223";"  309606";"  172641";"  134388";"  105685";"   28722";"   -4765";"  416038";"  315183";"  100006";"  372353";"  267641";"  103218";"  655958";"    -2.6";"     0.3";"    -1.9";"     4.7";"    -8.6";"   -11.4";"     4.4";"       .";"    -8.6";"   -10.1";"    -3.2";"    -7.8";"   -10.7";"     1.4";"    -3.7";"    94.3";"    92.9";"    92.2";"    94.1";"    99.1";"   100.4";"    93.9";"       .";"    93.5";"    92.8";"    96.5";"    91.7";"    91.5";"    93.5";"    95.3"
"15";"2010JJ00";" 1195401";"  621121";"  574280";"   11368";"   95697";"   17499";"   66918";"    7724";"    3556";"   30186";"  107095";"   28023";"   50889";"35336";"78887";"  122577";"   14222";"   64907";"   65841";"     934";"  639187";" 1238414";"  644952";"  593884";"11224";"99092";"17581";"   70468";"7061";"3240";"27370";"113742";"25897";"56878";"33777";"82375";"127754";"15702";"   71265";"   72074";"     805";"  664765";"     0.7";"     0.0";"     1.5";"0.2";"5.9";"15.5";"     4.3";"3.1";"-1.2";"-11.6";"3.7";"-0.2";"1.6";"3.4";"-2.1";"2.5";"-0.3";"    -0.1";"    -0.2";"    -5.4";"     1.3";"    96.5";"    96.3";"    96.7";"   101.3";"    96.6";"    99.5";"    95.0";"   109.4";"   109.8";"   110.3";"    94.2";"   108.2";"    89.5";"   104.6";"    95.8";"    95.9";"    90.6";"    91.1";"    91.4";"   116.1";"    96.2";"  311717";"  247590";"   64127";"   61610";"   72553";"   10943";"  265860";"  109791";"  156069";"  639187";"       .";"       .";"       .";"   71903";"   81236";"    9278";"       .";"  108741";"       .";"  664765";"       .";"       .";"       .";"    -0.6";"     0.0";"     3.4";"       .";"     1.6";"       .";"     1.3";"       .";"       .";"       .";"    85.7";"    89.3";"   117.9";"       .";"   101.0";"       .";"    96.2";"  587507";"  458253";"  290509";"  167744";"  125898";"   99214";"   26684";"    3356";"  446176";"  342992";"  103184";"  394496";"  292578";"  101918";"  639187";"  611803";"  484157";"  309932";"  174232";"  125275";"   97775";"   27568";"    2529";"  456509";"  350219";"  105528";"  404084";"  295165";"  107399";"  664765";"    -0.1";"     0.4";"     0.1";"     0.9";"    -6.8";"    -7.5";"    -4.0";"       .";"     9.7";"    11.1";"     5.5";"     8.5";"    10.3";"     4.1";"     1.3";"    96.0";"    94.6";"    93.7";"    96.3";"   100.5";"   101.5";"    96.8";"       .";"    97.7";"    97.9";"    97.8";"    97.6";"    99.1";"    94.9";"    96.2"
"16";"2011JJ00";" 1259736";"  673783";"  585953";"   10269";"  100708";"   18888";"   70259";"    7805";"    3756";"   29794";"  110127";"   28043";"   49988";"36787";"81269";"  124440";"   14528";"   64406";"   65271";"     865";"  650359";" 1273641";"  669101";"  604997";"11123";"100920";"16189";"   73657";"7073";"3340";"27642";"118488";"26365";"56406";"34030";"84122";"130167";"15676";"   70352";"   71148";"     792";"  675077";"     2.8";"     3.7";"     1.9";"-0.9";"1.8";"-7.9";"     4.5";"0.2";"3.1";"1.0";"4.2";"1.8";"-0.8";"0.7";"2.1";"1.9";"-0.2";"    -1.3";"    -1.3";"    -1.6";"     1.6";"    98.9";"   100.7";"    96.9";"    92.3";"    99.8";"   116.7";"    95.4";"   110.3";"   112.5";"   107.8";"    92.9";"   106.4";"    88.6";"   108.1";"    96.6";"    95.6";"    92.7";"    91.5";"    91.7";"   109.3";"    96.3";"  319557";"  252880";"   66677";"   62034";"   72389";"   10355";"  268768";"  110021";"  158747";"  650359";"       .";"       .";"       .";"   71388";"   80385";"    9008";"       .";"  110155";"       .";"  675077";"       .";"       .";"       .";"    -0.7";"    -1.0";"    -2.9";"       .";"     1.3";"       .";"     1.6";"       .";"       .";"       .";"    86.9";"    90.1";"   115.0";"       .";"    99.9";"       .";"    96.3";"  594855";"  464525";"  296819";"  167706";"  130965";"  104370";"   26595";"    -635";"  491041";"  382032";"  109009";"  435537";"  327049";"  108488";"  650359";"  614061";"  483634";"  310147";"  173508";"  131422";"  104193";"   27223";"   -1122";"  480061";"  367836";"  111424";"  419728";"  305978";"  112199";"  675077";"     0.4";"    -0.1";"     0.1";"    -0.4";"     4.9";"     6.6";"    -1.3";"       .";"     5.2";"     5.0";"     5.6";"     3.9";"     3.7";"     4.5";"     1.6";"    96.9";"    96.0";"    95.7";"    96.7";"    99.7";"   100.2";"    97.7";"       .";"   102.3";"   103.9";"    97.8";"   103.8";"   106.9";"    96.7";"    96.3"
"17";"2012JJ00";" 1279698";"  689382";"  590316";"   10836";"  103458";"   21406";"   70097";"    8150";"    3805";"   27254";"  111977";"   27809";"   53637";"32446";"81262";"  127233";"   14404";"   62650";"   63455";"     805";"  652966";" 1267133";"  667331";"  600192";"11049";"100142";"15944";"   72966";"7143";"3421";"25409";"118277";"26593";"54617";"34964";"84026";"129736";"15278";"   68116";"   68855";"     740";"  668121";"    -0.5";"    -0.3";"    -0.8";"-0.7";"-0.8";"-1.5";"    -0.9";"1.0";"2.4";"-8.1";"-0.2";"0.9";"-3.2";"2.7";"-0.1";"-0.3";"-2.5";"    -3.2";"    -3.2";"    -6.5";"    -1.0";"   101.0";"   103.3";"    98.4";"    98.1";"   103.3";"   134.3";"    96.1";"   114.1";"   111.2";"   107.3";"    94.7";"   104.6";"    98.2";"    92.8";"    96.7";"    98.1";"    94.3";"    92.0";"    92.2";"   108.7";"    97.7";"  323867";"  254388";"   69479";"   61454";"   70984";"    9530";"  267645";"  111232";"  156413";"  652966";"       .";"       .";"       .";"   69442";"   77835";"    8480";"       .";"  111711";"       .";"  668121";"       .";"       .";"       .";"    -2.7";"    -3.2";"    -5.9";"       .";"     1.4";"       .";"    -1.0";"       .";"       .";"       .";"    88.5";"    91.2";"   112.4";"       .";"    99.6";"       .";"    97.7";"  589378";"  467112";"  297167";"  169945";"  122505";"   97798";"   24707";"    -239";"  519130";"  405627";"  113503";"  455542";"  344889";"  110653";"  652966";"  600448";"  478087";"  306608";"  171500";"  123135";"   98026";"   25093";"    -723";"  495705";"  379272";"  115640";"  428898";"  313344";"  113896";"  668121";"    -2.2";"    -1.1";"    -1.1";"    -1.2";"    -6.3";"    -5.9";"    -7.8";"       .";"     3.3";"     3.1";"     3.8";"     2.2";"     2.4";"     1.5";"    -1.0";"    98.2";"    97.7";"    96.9";"    99.1";"    99.5";"    99.8";"    98.5";"       .";"   104.7";"   106.9";"    98.2";"   106.2";"   110.1";"    97.2";"    97.7"
"18";"2013JJ00";" 1283977";"  688268";"  595709";"   11828";"  102063";"   22301";"   67949";"    7909";"    3904";"   25632";"  116061";"   27820";"   53030";"34652";"81231";"  129230";"   14162";"   64754";"   65494";"     740";"  660463";" 1268994";"  667645";"  601773";"11145";"101662";"17244";"   72284";"7335";"3656";"23924";"119387";"27119";"53540";"36763";"83029";"130473";"14760";"   65502";"   66228";"     726";"  667252";"     0.1";"     0.0";"     0.3";"0.9";"1.5";"8.2";"    -0.9";"2.7";"6.9";"-5.8";"0.9";"2.0";"-2.0";"5.1";"-1.2";"0.6";"-3.4";"    -3.8";"    -3.8";"    -2.0";"    -0.1";"   101.2";"   103.1";"    99.0";"   106.1";"   100.4";"   129.3";"    94.0";"   107.8";"   106.8";"   107.1";"    97.2";"   102.6";"    99.0";"    94.3";"    97.8";"    99.0";"    95.9";"    98.9";"    98.9";"   102.0";"    99.0";"  324676";"  255269";"   69407";"   64856";"   73774";"    8918";"  270931";"  113167";"  157764";"  660463";"       .";"       .";"       .";"   66510";"   75154";"    8614";"       .";"  113208";"       .";"  667252";"       .";"       .";"       .";"    -4.2";"    -3.4";"     1.6";"       .";"     1.3";"       .";"    -0.1";"       .";"       .";"       .";"    97.5";"    98.2";"   103.5";"       .";"   100.0";"       .";"    99.0";"  593019";"  470767";"  300441";"  170326";"  121237";"   96924";"   24313";"    1015";"  527581";"  407564";"  120017";"  460137";"  343001";"  117136";"  660463";"  596845";"  475187";"  303652";"  171532";"  121168";"   96839";"   24308";"     513";"  507990";"  386387";"  120995";"  438482";"  317422";"  119755";"  667252";"    -0.6";"    -0.6";"    -1.0";"     0.0";"    -1.6";"    -1.2";"    -3.1";"       .";"     2.5";"     1.9";"     4.6";"     2.2";"     1.3";"     5.1";"    -0.1";"    99.4";"    99.1";"    98.9";"    99.3";"   100.1";"   100.1";"   100.0";"       .";"   103.9";"   105.5";"    99.2";"   104.9";"   108.1";"    97.8";"    99.0"
"19";"2014JJ00";" 1303026";"  698212";"  604814";"   11674";"   97768";"   16741";"   69578";"    7372";"    4077";"   25882";"  119378";"   28338";"   53646";"38152";"84627";"  130966";"   14383";"   66746";"   67460";"     714";"  671560";" 1294226";"  684097";"  610430";"11656";"100556";"14815";"   74004";"7442";"3935";"24684";"122948";"28102";"52345";"38437";"85822";"131404";"14558";"   66342";"   67050";"     708";"  676749";"     2.0";"     2.5";"     1.4";"4.6";"-1.1";"-14.1";"     2.4";"1.5";"7.6";"3.2";"3.0";"3.6";"-2.2";"4.6";"3.4";"0.7";"-1.4";"     1.3";"     1.2";"    -2.4";"     1.4";"   100.7";"   102.1";"    99.1";"   100.2";"    97.2";"   113.0";"    94.0";"    99.1";"   103.6";"   104.9";"    97.1";"   100.8";"   102.5";"    99.3";"    98.6";"    99.7";"    98.8";"   100.6";"   100.6";"   100.8";"    99.2";"  328166";"  254918";"   73248";"   69618";"   78079";"    8461";"  273776";"  114366";"  159410";"  671560";"       .";"       .";"       .";"   67897";"   76128";"    8230";"       .";"  114467";"       .";"  676749";"       .";"       .";"       .";"     2.1";"     1.3";"    -4.5";"       .";"     1.1";"       .";"     1.4";"       .";"       .";"       .";"   102.5";"   102.6";"   102.8";"       .";"    99.9";"       .";"    99.2";"  597003";"  476709";"  304244";"  172465";"  118138";"   94608";"   23530";"    2156";"  541129";"  409005";"  132124";"  466572";"  345078";"  121494";"  671560";"  597294";"  477282";"  304790";"  172488";"  118252";"   94770";"   23461";"    1773";"  531086";"  398173";"  132644";"  452806";"  327987";"  123449";"  676749";"     0.1";"     0.4";"     0.4";"     0.6";"    -2.4";"    -2.1";"    -3.5";"       .";"     4.5";"     3.1";"     9.6";"     3.3";"     3.3";"     3.1";"     1.4";"   100.0";"    99.9";"    99.8";"   100.0";"    99.9";"    99.8";"   100.3";"       .";"   101.9";"   102.7";"    99.6";"   103.0";"   105.2";"    98.4";"    99.2"
"20";"2015JJ00";" 1338856";"  718021";"  620835";"   11898";"   99091";"   12569";"   74533";"    7817";"    4172";"   26394";"  126069";"   29469";"   52494";"39504";"89574";"  131636";"   14706";"   69173";"   69896";"     723";"  690008";" 1338856";"  718021";"  620835";"11898";"99091";"12569";"   74533";"7817";"4172";"26394";"126069";"29469";"52494";"39504";"89574";"131636";"14706";"   69173";"   69896";"     723";"  690008";"     3.4";"     5.0";"     1.7";"2.1";"-1.5";"-15.2";"     0.7";"5.0";"6.0";"6.9";"2.5";"4.9";"0.3";"2.8";"4.4";"0.2";"1.0";"     4.3";"     4.2";"     2.1";"     2.0";"   100.0";"   100.0";"   100.0";"   100.0";"   100.0";"   100.0";"   100.0";"   100.0";"   100.0";"   100.0";"   100.0";"   100.0";"   100.0";"   100.0";"   100.0";"   100.0";"   100.0";"   100.0";"   100.0";"   100.0";"   100.0";"  330267";"  260690";"   69577";"   70790";"   79430";"    8640";"  288951";"  115742";"  173209";"  690008";"       .";"       .";"       .";"   70790";"   79430";"    8640";"       .";"  115742";"       .";"  690008";"       .";"       .";"       .";"     4.3";"     4.3";"     5.0";"       .";"     1.1";"       .";"     2.0";"       .";"       .";"       .";"   100.0";"   100.0";"   100.0";"       .";"   100.0";"       .";"   100.0";"  638249";"  483170";"  310816";"  172354";"  152533";"  127953";"   24580";"    2546";"  570353";"  418373";"  151980";"  518594";"  352926";"  165668";"  690008";"  638249";"  483170";"  310816";"  172354";"  152533";"  127953";"   24580";"    2546";"  570353";"  418373";"  151980";"  518594";"  352926";"  165668";"  690008";"     6.9";"     1.2";"     2.0";"    -0.1";"    29.0";"    35.0";"     4.8";"       .";"     7.4";"     5.1";"    14.6";"    14.5";"     7.6";"    34.2";"     2.0";"   100.0";"   100.0";"   100.0";"   100.0";"   100.0";"   100.0";"   100.0";"       .";"   100.0";"   100.0";"   100.0";"   100.0";"   100.0";"   100.0";"   100.0"
"21";"2016JJ00";" 1360246";"  725422";"  634824";"   12513";"   96745";"    7923";"   76862";"    7781";"    4179";"   28188";"  130564";"   31109";"   49758";"41618";"93738";"  135414";"   15177";"   73513";"   74504";"     991";"  708337";" 1373136";"  740093";"  633043";"12163";"99705";"11522";"   76137";"7817";"4229";"28672";"128877";"31172";"52717";"39867";"92625";"132365";"14880";"   72088";"   72958";"     870";"  705131";"     2.6";"     3.1";"     2.0";"2.2";"0.6";"-8.3";"     2.2";"0.0";"1.4";"8.6";"2.2";"5.8";"0.4";"0.9";"3.4";"0.6";"1.2";"     4.2";"     4.4";"    20.3";"     2.2";"    99.1";"    98.0";"   100.3";"   102.9";"    97.0";"    68.8";"   101.0";"    99.5";"    98.8";"    98.3";"   101.3";"    99.8";"    94.4";"   104.4";"   101.2";"   102.3";"   102.0";"   102.0";"   102.1";"   113.9";"   100.5";"  340586";"  268805";"   71781";"   75404";"   84725";"    9321";"  292347";"  117912";"  174435";"  708337";"       .";"       .";"       .";"   73389";"   81991";"    8602";"       .";"  118022";"       .";"  705131";"       .";"       .";"       .";"     3.7";"     3.2";"    -0.4";"       .";"     2.0";"       .";"     2.2";"       .";"       .";"       .";"   102.7";"   103.3";"   108.4";"       .";"    99.9";"       .";"   100.5";"  636004";"  490883";"  316041";"  174842";"  141675";"  116979";"   24696";"    3446";"  563377";"  420899";"  142478";"  491044";"  355196";"  135848";"  708337";"  633603";"  488976";"  314296";"  174680";"  141422";"  116675";"   24747";"    3205";"  579868";"  436695";"  143173";"  508340";"  372076";"  136264";"  705131";"    -0.7";"     1.2";"     1.1";"     1.3";"    -7.3";"    -8.8";"     0.7";"       .";"     1.7";"     4.4";"    -5.8";"    -2.0";"     5.4";"   -17.7";"     2.2";"   100.4";"   100.4";"   100.6";"   100.1";"   100.2";"   100.3";"    99.8";"       .";"    97.2";"    96.4";"    99.5";"    96.6";"    95.5";"    99.7";"   100.5"
"22";"2017JJ00";" 1428561";"  768168";"  660393";"   13666";"   99092";"    7540";"   80326";"    7030";"    4196";"   29271";"  137800";"   31876";"   48686";"45670";"99792";"  138810";"   15730";"   76655";"   77778";"    1123";"  737048";" 1415901";"  764823";"  651116";"12237";"101759";"9892";"   79262";"7780";"4225";"30286";"133930";"32327";"52569";"40660";"97100";"134963";"15195";"   74242";"   75197";"     948";"  725360";"     3.1";"     3.3";"     2.9";"0.6";"2.1";"-14.1";"     4.1";"-0.5";"-0.1";"5.6";"3.9";"3.7";"-0.3";"2.0";"4.8";"2.0";"2.1";"     3.0";"     3.1";"     9.0";"     2.9";"   100.9";"   100.4";"   101.4";"   111.7";"    97.4";"    76.2";"   101.3";"    90.4";"    99.3";"    96.6";"   102.9";"    98.6";"    92.6";"   112.3";"   102.8";"   102.9";"   103.5";"   103.2";"   103.4";"   118.4";"   101.6";"  353289";"  278306";"   74983";"   78350";"   88232";"    9882";"  305409";"  121636";"  183773";"  737048";"       .";"       .";"       .";"   75585";"   84261";"    8685";"       .";"  120840";"       .";"  725360";"       .";"       .";"       .";"     3.0";"     2.8";"     1.0";"       .";"     2.4";"       .";"     2.9";"       .";"       .";"       .";"   103.7";"   104.7";"   113.8";"       .";"   100.7";"       .";"   101.6";"  657940";"  505582";"  326885";"  178697";"  151199";"  125899";"   25300";"    1159";"  611411";"  462146";"  149265";"  532303";"  391263";"  141040";"  737048";"  647759";"  496717";"  320111";"  176602";"  149996";"  124960";"   25030";"    1019";"  610878";"  462330";"  148619";"  533203";"  393359";"  139975";"  725360";"     2.2";"     1.6";"     1.9";"     1.1";"     6.1";"     7.1";"     1.1";"       .";"     5.3";"     5.9";"     3.8";"     4.9";"     5.7";"     2.7";"     2.9";"   101.6";"   101.8";"   102.1";"   101.2";"   100.8";"   100.8";"   101.1";"       .";"   100.1";"   100.0";"   100.4";"    99.8";"    99.5";"   100.8";"   101.6"
